amazon-redshit;blaze;database;postgresql;
blaze;hadoop;machine-learning;apache-spark;javascript
django;elasticsearch;ansible;linux;
postgresql;flask;database;etl;
postgresql;flask;cherrypy;mongodb;
amazon-web-services;go;postgresql;apache-kafka;sysadmin
machine-learning;apache-spark;hadoop;scala;
django;;;;
c#;sql;google-cloud-platform;postgresql;
postgresql;;;;
postgresql;computer-vision;machine-learning;gls;
r;sql;;;
postgresql;flask;react-native;kubernetes;
postgresql;mysql;flask;;
postgresql;automation;;;
kubernetes;jenkins;docker;;
clojure;etl;;;
keras;deep-leaning;c++;linux;
reactjs;javascript;postgresql;flask;
c++;ios;hardware;teamleader;
google-cloud-platform;amazon-web-services;azur;;
django;saml-2.0;;;
c#;node.js;sql;;
c++;;;;
cloud;mysql;postgresql;mongodb;
kubernetes;javascript;terraform;;
networking;sanic;rabbitmq;automation;
c++;deep-leaning;ubuntu;tensorflow;
data-science;javascript;kotlin;amazon-web-services;
r;dbt;tableau;postgresql;
go;java;kubernetes;;
dbt;;;;
cassandra;mysql;scala;linux;
postgresql;amazon-web-services;;;
amazon-web-services;continuous-integration;database;data-processing;
security;javascript;objective-c;;
reactjs;django;node.js;angularjs;
django;api;relational-database;;
java;bigquery;postgresql;airflow;
amazon-web-services;java;;;
django;postgresql;;;
pyramid;postgresql;elasticsearch;;
java;sprint;javascript;node.js;
r;;;;
google-cloud-platform;backend;devops;amazon-web-services;
reactjs;postgresql;flask;celery;
machine-learning;deep-leaning;algorithm;matlab;
typescript;angularjs;node.js;web;
java;javascript;;;
c++;linux;;;
java;web-services;javascript;kotlin;
kubernetes;jenkins;docker;;
postgresql;elasticsearch;;;
angularjs;asp.net;asp.net.mvc;;
luigi;tensorflow;postgresql;kubernetes;
php;mysql;javascript;;
clojure;javascript;reactjs;node.js;
c++;software-design;finite-element-analysis;testing;
flask;backend;database;;
mobile;nosql;;;
pandas;numpy;conda;scikit-learn;
c++;javascript;;;
backbone.js;javascript;;;
amazon-web-services;api;r;node.js;sysadmin
go;machine-learning;node.js;;
amazon-web-services;docker;kubernetes;;
javascript;;;;
reactjs;node.js;postgresql;graphql;javascript
java;javascript;;;
django;sass;javascript;html;
machine-learning;algorithm;c++;probabilistic-programming;bioinformatics
machine-learning;amazon-web-services;;;
scikit-learn;pandas;apache-spark;numpy;
r;shiny;net;javascript;
bigdata;apache-kafka;apache-spark;cassandra;javascript
machine-learning;c#;data-analysis;performance;
machine-learning;algorithm;java;amazon-web-services;c++
sql;amazon-web-services;azure;apache-spark;
c#;java;uml;sdlc;
docker;web-services;postgresql;;
reactjs;react;react-native;redux;node.js
linux;sql;docker;data-science;
amazon-web-services;kubernetes;sysadmin;;
pandas;numpy;machine-learning;d3.js;
web-services;docker;c#;kubernetes;
machine-learning;sql;;;
rust;c;webrtc;websocket;
postgresql;flask;sql;;
cloud;lambda;api;rest;
algorihm;machine-learning;;;
bigquery;aws;gcp;kubernetes;
javascript;typescript;apache-spark;node.js;
java;c++;go;;
c;algorithm;supercomputers;php;
elasticsearch;rest;;;
aws;go;mongodb;continuous-integration;
machine-learning;algorithm;java;scala;
java;design;;;
go;microservices;openshift;kubernetes;
c++;java;swift;testing;
linux;;;;
reactjs;redux;javascript;scss;typescript
angularjs;agile;javascript;;
go;angularjs;amazon-web-services;docker;
machine-learning;trading;data-science;algorithm;
c++;linux;computer-vision;;
aws;azure;kubernetes;google-cloud-platform;
cloud;security;amazon-web-services;django;
javascript;agile;kubernetes;rabbitmq;
docker;linux;kubernetes;google-cloud-platform;go
html5;css3;javascript;jquery;
javascript;user-interface;api;css;restful-architecture
machine-learning;automation;deep-learning;nlp;
amazon-web-services;django;typescript;javascript;
node.js;graphql;amazon-web-services;docker;kubernetes
django;amazon-web-services;vanilla-typescript;;
node.js;api;mongodb;architecture;caching
java;testing;;;
reactjs;postgresql;javascript;django;
r;emebdded;;;
qa;selenium;testing;;
node.js;architecture;api-design;microservices;sql
r;;;;
c;c++;java;perl;
r;sql;google-cloud-platform;;
c;c++;java;perl;
java;mongodb;amazon-web-services;sprint;
c++;deep-leaning;computer-vision;;
node.js;amazon-web-services;javascript;kubernetes;architecture
bash;ruby;unity;c#;
amazon-web-services;linux;terraform;git;
java;sql;spring-boot;kubernetes;
node.js;microservices;graphql;rest;
docker;web-services;;;
java;go;c++;c;
django;craftcms;;;
ruby;netsuite;kubernetes;microservices;
javascript;css3;html;django;
reactjs;javascript;vue.js;angularjs;
reactjs;javascript;css;html;
reactjs;javascript;postgresql;node.js;mysql
pandas;sql-server;fastapi;;
.net;c#;docker;kubernetes;
sql;amazon-web-services;google-cloud-platform;;
serverless;amazon-web-services;node.js;go;
django;amazon-web-services;webpack;docker;
apache-spark;java;hadoop;aws;
machine-learning;kubernetes;terraform;;
mobile;sql;;;
java;c++;;;
javascript;linux;github;;
computer-vision;artificial-intelligence;image-processing;operations-research;
react;postgresql;javascript;django;
bigdata;containers;machine-learning;software-design;architecture
odoo;erp;;;
ruby;postgresql;amazon-web-services;distributed-system;
c++;git;embedded-linux;video;
amazon-web-services;javascript;serverless;nosql;
deep-learning;image-processingg;geospatial;;
embedded;testing;c++;c#;
go;symphony2;security;;
reactjs;javascript;node.js;clojure;
react-native;vue.js;javascript;html;css
php;mysql;vue.js;laravel;
javascript;flask;vue.js;amazon-web-services;
go;node.js;c++;;
rest;api;;;
c++;c#;linux;;
go;ruby;;;
machine-learning;hadoop;sql;;
java;security;;;
scala;apache-spark;;;
apache-spark;;;;
automation;testing;kotlin;java;
continuous-integration;reactjs;;;
linux;php;github;magento;
django;elasticsearch;redis;couchdb;
sql;nosql;javascript;;
java;django;;;
c++;embedded;mqtt;oop;
javascript;php;mongodb;angularjs;
amazon-web-services;jenkins;devops;linux;kubernetes
amazon-web-services;reactjs;node.js;mongodb;
sql;kafka;elasticsearch;machine-learning;
haskell;monda-transformes;rank-n-types;reflex;machine-learning
javascript;odoo;;;
go;;;;
reactjs;react-native;typescript;aws-amplify;material-ui
linux;linux-kernel;;;
reactjs;javascript;java;sysadmin;
reactjs;mongodb;javascript;typescript;next.js
cloud;openfoam;finite-element-analysis;;
amazon-web-services;data-science;machine-learning;;
r;;;;
r;;;;
security;python;rust;network-security;application-security
java;kotlin;javascript;closure;go
cloud;security;amazon-web-services;django;
apache-spark;scala;amazon-web-services;;
machine-learning;data-analysis;artificial-intelligence;algorithm;optimization
javascript;reactjs;typescript;graphql;
amazon-web-services;angularjs;node.js;javascript;docker
c++;java;;;
java;scala;clojure;node.js;
security;java;reactjs;amazon-web-services;
frontend;react;javascript;api;web-applications
netsuite;rest;javascript;;
java;go;;;
r;algorithm;data-analysis;machine-learning;
hadoop;java;c++;;
go;java;c++;distributed-system;
amazon-web-services;apache;sql;etl;
flask;heroku;sqlalchemy;amazon-web-services;
amazon-web-services;go;google-cloud-platform;;
go;javascript;php;spring-mvc;
amazon-web-services;bigdata;flask;linux;
synfony2;php;iaas;cdn;
ruby;java;sql;shell;
sql;pandas;numpy;;
security;aws;django;terraform;
java;scala;kubernetes;;
java;javascript;reactjs;clojure;go
postgresql;google-cloud-platform;kubernetes;;
java;agile;kubernetes;rabbitmq;
amazon-web-services;grafana;datadog;typescript;
linux;kvm;bash;;
node.js;javascript;;;
macos;c++;objective-c;shell;sysadmin
c++;ios;swift;;
django;node.js;javascript;;
docker;c#;django;terraform;
t#;c#;kotlin;scala;
java;scala;clojure;node.js;
node.js;postgresql;typescript;typeorm;graphql
reactjs;amazon-web-services;snowflake-data-warehouse;graphql;
java;spring-boot;sql;spacy;
javascript;vue.js;html;mongodb;postgresql
tensorflow;pytorch;selenium;browser-extension;
tensorflow;pytorch;keras;apache-spark;
web-services;nosql;node.js;vue.js;angularjs
node.js;mongodb;reactjs;express;
java;amazon-web-services;rest;;
cloud;google-cloud-platform;kubernetes;;
reactjs;php;oop;;
amazon-web-services;rest;;;
cloud;sql;google-cloud-platform;kubernetes;
reactjs;php;oop;;
amazon-web-services;sql;;;
java;c++;machine-learning;;
